 company_id,company_name,legal_name,industry,company_size,city,country,website,founded_year,contact_email,contact_phone,address,tax_code,subscription_tier,verification_status,is_featured,about,benefits
1,FPT Corporation,FPT Corporation Joint Stock Company,Technology & IT,"10,000+ employees",Ha Noi,Vietnam,https://fpt.com.vn,1988,fpt.corp@yopmail.com,+84 24 7300 7300,"FPT Tower, 10 Pham Van Bach, Cau Giay, Ha Noi",0100109106,Enterprise,verified,True,"FPT Corporation is the leading IT service provider in Vietnam and global technology pioneer delivering software development, system integration, cloud solutions, and AI innovations across 30+ countries.","13th month salary bonus + Annual performance bonus (2-4 months);Premium FPT Care health insurance;Hybrid working policy & modern office facilities;Continuous tech certification subsidies (AWS, Azure, PMP)"
2,VNG Corporation,VNG Corporation JSC,Technology & IT,"5,000-10,000 employees",Ho Chi Minh City,Vietnam,https://vng.com.vn,2004,vng.corp@yopmail.com,+84 28 3962 3888,"VNG Campus, Z06 Street 13, Tan Thuan Dong, District 7, HCMC",0303510001,Enterprise,verified,True,"VNG is Vietnam's first tech unicorn, specializing in digital entertainment, online gaming, Zalo messaging platform, fintech payment solutions (ZaloPay), and cloud software services.","Competitive salary package + Stock options / ESOP;State-of-the-art VNG Campus with internal gym, swimming pool & cafeteria;MacBook Pro provided for tech roles;Comprehensive health & dental coverage"
3,Viettel Group,Military Telecommunications Industry Group,Telecommunications & IT,"10,000+ employees",Ha Noi,Vietnam,https://viettel.com.vn,1989,viettel.group@yopmail.com,+84 24 6255 6789,"Viettel Building, 1 Tran Huu Duc, Nam Tu Liem, Ha Noi",0100109106-001,Enterprise,verified,True,"Viettel Group is Vietnam's largest telecommunications enterprise operating mobile networks, fiber internet, digital transformation platforms, defense technology, and cybersecurity services.","Top-tier industry compensation & project milestone bonuses;Specialized internal training academies & overseas assignments;Full healthcare & military medical hospital access;Stable, highly structured corporate growth path"
4,Vingroup,Vingroup Joint Stock Company,Conglomerate / Technology,"10,000+ employees",Ha Noi,Vietnam,https://vingroup.net,1993,vingroup@yopmail.com,+84 24 3974 9999,"Symphony Building, Vinhomes Riverside, Long Bien, Ha Noi",0101245486,Enterprise,verified,True,"Vingroup is the largest private conglomerate in Vietnam with core operations in smart electric vehicles (VinFast), technology research, real estate, healthcare (Vinmec), and education (VinUniversity).","Highly competitive executive & engineering salary packages;Discounts across VinFast EV, Vinmec healthcare & Vinhomes properties;Performance bonuses and annual stock awards;Fast-paced environment with rapid career escalation"
5,FPT Retail,FPT Digital Retail Joint Stock Company,Retail & Technology,"5,000-10,000 employees",Ho Chi Minh City,Vietnam,https://fptshop.com.vn,2012,fpt.retail@yopmail.com,+84 28 7302 3456,"261-263 Khanh Hoi, Ward 5, District 4, HCMC",0311609355,Professional,verified,False,"FPT Retail operates nationwide retail chains including FPT Shop (consumer electronics, laptops, mobile phones) and Long Chau Pharmacy network.","Sales commission structure with uncapped earning potential;Staff discount on tech devices & pharmaceutical products;Clear career roadmap from Store Staff to Regional Manager;Health insurance & annual company retreats"
6,Vietcombank,Joint Stock Commercial Bank for Foreign Trade of Vietnam,Banking & Finance,"10,000+ employees",Ha Noi,Vietnam,https://vietcombank.com.vn,1963,vietcombank@yopmail.com,+84 24 3934 3137,"198 Tran Quang Khai, Hoan Kiem, Ha Noi",0100112437,Enterprise,verified,True,"Vietcombank is the leading commercial bank in Vietnam, offering international trade finance, digital banking, corporate loans, and retail banking services with global standards.","Attractive financial sector compensation + Lunar New Year bonuses;Bao Viet corporate health insurance package;Prestigious banking brand & long-term employment stability;Annual health checkups, sports clubs & team building"
7,BIDV,Bank for Investment and Development of Vietnam,Banking & Finance,"10,000+ employees",Ha Noi,Vietnam,https://bidv.com.vn,1957,bidv.bank@yopmail.com,+84 24 2220 0588,"BIDV Tower, 35 Hang Voi, Hoan Kiem, Ha Noi",0100150619,Enterprise,verified,False,"BIDV is the oldest and largest bank by total assets in Vietnam, providing corporate financing, investment banking, green finance, and retail financial services.","Comprehensive banking salary & quarterly performance incentives;Professional banking certification sponsorship (CFA, FRM);Family health insurance & preferential loan interest rates;Structured career advancement across nationwide branch network"
8,Techcombank,Vietnam Technological and Commercial Joint Stock Bank,Banking & Finance,"10,000+ employees",Ha Noi,Vietnam,https://techcombank.com,1993,techcombank@yopmail.com,+84 24 3944 6368,"6 Quang Trung, Hoan Kiem, Ha Noi",0100230800,Enterprise,verified,True,"Techcombank is a top digital-first bank in Vietnam pioneering cloud banking, big data analytics, automated wealth management, and frictionless payment solutions.","Agile working environment in world-class green HQ towers;Performance-based bonus pool (3-6 months salary);Generous wellness allowance & premium healthcare;Tech & cloud learning budgets (AWS/Google Cloud certification)"
9,VPBank,Vietnam Prosperity Joint Stock Commercial Bank,Banking & Finance,"10,000+ employees",Ha Noi,Vietnam,https://vpbank.com.vn,1993,vpbank@yopmail.com,+84 24 3928 8880,"89 Lang Ha, Dong Da, Ha Noi",0100233583,Enterprise,verified,False,"VPBank is a leading retail and SME bank in Vietnam known for consumer finance, digital transformation, fintech partnerships, and rapid credit growth.","High performance bonuses tied to business metrics;Flexible work culture & modern workplace amenities;Comprehensive healthcare coverage for employee & dependents;Fast-track leadership development programs"
10,Vinamilk,Vietnam Dairy Products Joint Stock Company,Food & Beverage / FMCG,"10,000+ employees",Ho Chi Minh City,Vietnam,https://vinamilk.com.vn,1976,vinamilk@yopmail.com,+84 28 5415 5555,"10 Tan Trao, Tan Phu Ward, District 7, HCMC",0300588569,Enterprise,verified,True,"Vinamilk is Vietnam's premier dairy producer and top 50 global dairy company, exporting dairy products, nutritional drinks, and organic milk to 50+ countries worldwide.","Industry-leading salary & annual profit-sharing bonus;High-quality dairy products allowance for employee families;International standard working environment with R&D facilities;Bao Minh premium healthcare plan"
11,Hoa Phat Group,Hoa Phat Group Joint Stock Company,Manufacturing & Heavy Industry,"10,000+ employees",Ha Noi,Vietnam,https://hoaphat.com.vn,1992,hoaphat.group@yopmail.com,+84 24 6282 0111,"39 Nguyen Dinh Chieu, Hai Ba Trung, Ha Noi",0900189284,Enterprise,verified,False,"Hoa Phat Group is the largest steel producer in Southeast Asia, manufacturing construction steel, hot-rolled coil (HRC), industrial equipment, and agricultural products.","Competitive production & engineering compensation;Shuttle buses & housing support near industrial complexes;Safety-first culture with comprehensive accident & health insurance;Stable, long-term employment in heavy industrial manufacturing"
12,Masan Group,Masan Group Corporation,Consumer Goods & Retail,"10,000+ employees",Ho Chi Minh City,Vietnam,https://masangroup.com,1996,masan.group@yopmail.com,+84 28 3822 7888,"Suite 802, Central Plaza, 17 Le Duan, District 1, HCMC",0303576603,Enterprise,verified,True,"Masan Group is a leading consumer-tech conglomerate operating WinMart retail stores, Masan Consumer branded foods, MEATDeli fresh meats, and Techcombank partnership services.","Attractive FMCG package with competitive base + annual incentive;Employee discounts at WinMart supermarket chain & Phuc Long tea;Fast-paced consumer innovation projects & leadership exposure;Healthcare insurance & annual company vacation"
13,Unilever Vietnam,Unilever Vietnam International Company Limited,FMCG,"1,000-5,000 employees",Ho Chi Minh City,Vietnam,https://unilever.com.vn,1995,unilever.vn@yopmail.com,+84 28 5413 5686,"A2-3 Tan Thuan Industrial Park, District 7, HCMC",0300840484,Enterprise,verified,True,"Unilever Vietnam is a multinational FMCG giant producing household iconic brands like OMO, Sunlight, Dove, Knorr, Clear, and Lifebuoy trusted by millions of Vietnamese families.","Global career mobility & leadership development programs;Agile hybrid work model with modern sustainable office;Comprehensive wellness program, mental health support & gym;Generous parental leave & family health insurance"
14,Nestlé Vietnam,Nestlé Vietnam Limited,Food & Beverage,"1,000-5,000 employees",Ho Chi Minh City,Vietnam,https://nestle.com.vn,1995,nestle.vn@yopmail.com,+84 28 3911 3737,"Level 5, Empress Tower, 138-142 Hai Ba Trung, District 1, HCMC",3600235305,Enterprise,verified,False,"Nestlé Vietnam is a world-leading food and beverage enterprise operating factories across Vietnam producing NESCAFÉ, MILO, Maggi, and Nan nutrition products.","Competitive global FMCG salary & quarterly/annual performance bonus;Product hampers & internal employee store discounts;Sustainable working culture rated among Best Places to Work in Vietnam;Comprehensive healthcare package including dental & vision"
15,Samsung Electronics Vietnam,Samsung Electronics Vietnam Co. Ltd,Electronics & Manufacturing,"10,000+ employees",Bac Ninh,Vietnam,https://samsung.com/vn,2008,samsung.sev@yopmail.com,+84 222 369 6000,"Yen Phong I Industrial Zone, Yen Phong District, Bac Ninh",2300329094,Enterprise,verified,True,"Samsung Electronics Vietnam is Samsung's largest global mobile device manufacturing hub, producing Galaxy flagship smartphones, display panels, and high-tech electronic components.","High base salary with twice-yearly performance bonuses (PI & PS);Modern air-conditioned commuting buses connecting Ha Noi & provinces;Free high-quality cafeteria meals & on-site medical clinics;Training at Samsung HQ in South Korea for outstanding engineers"
16,Mobile World (MWG),Mobile World Investment Corporation,Retail & Consumer Electronics,"10,000+ employees",Ho Chi Minh City,Vietnam,https://mwg.vn,2004,mwg.retail@yopmail.com,+84 28 3812 5960,"MWG Building, Lot T2-1.2, D1 Street, Hi-Tech Park, District 9, HCMC",0303958989,Enterprise,verified,True,"Mobile World Investment Corp (MWG) is Vietnam's top retail group operating The Gioi Di Dong (phones/tech), Dien May Xanh (consumer electronics), and Bach Hoa Xanh (grocery retail).","High ESOP stock distribution program for high-performing employees;Performance-based monthly sales commission & store bonuses;Rapid advancement from store consultant to store & area manager;Health insurance & annual team building activities"
17,PNJ Group,Phu Nhuan Jewelry Joint Stock Company,Retail & Jewelry,"5,000-10,000 employees",Ho Chi Minh City,Vietnam,https://pnj.com.vn,1988,pnj.jewelry@yopmail.com,+84 28 3995 1703,"170 Phan Dang Luu, Ward 3, Phu Nhuan District, HCMC",0300521758,Professional,verified,False,"PNJ is Vietnam's leading luxury jewelry designer, manufacturer, and retailer operating hundreds of boutiques nationwide specializing in gold, diamonds, and gemstones.","Competitive salary + sales commissions for store consultants;Employee discount on PNJ gold & silver jewelry;Professional customer care & luxury brand training;Annual company trip & comprehensive health insurance"
18,Shopee Vietnam,Shopee Vietnam Company Limited,E-commerce & Technology,"1,000-5,000 employees",Ho Chi Minh City,Vietnam,https://shopee.vn,2015,shopee.vn@yopmail.com,+84 28 7308 1221,"Level 17, Saigon Centre Tower 2, 67 Le Loi, District 1, HCMC",0313542790,Enterprise,verified,True,"Shopee is the leading e-commerce platform in Southeast Asia and Taiwan, providing seamless online shopping, SeaMoney payments, and ShopeeFood delivery services.","Market-leading compensation package + annual variable performance bonus;Free snacks, premium coffee & modern open workplace in Saigon Centre;Work-from-home flexibility & latest tech equipment;Fast-track e-commerce career progression in high-growth ecosystem"
19,Vietnam Airlines,Vietnam Airlines Joint Stock Company,Aviation & Transportation,"10,000+ employees",Ha Noi,Vietnam,https://vietnamairlines.com,1956,vietnam.airlines@yopmail.com,+84 24 3827 2288,"200 Nguyen Son, Long Bien District, Ha Noi",0100108321,Enterprise,verified,True,"Vietnam Airlines is the flag carrier of Vietnam and SkyTeam alliance member, connecting 21 domestic and 29 international destinations with modern Boeing 787 and Airbus A350 fleets.","Free & heavily discounted flight tickets for employees and immediate family;Competitive aviation salary package + flight duty allowances;International standard aviation training & flight simulator access;Bao Viet healthcare insurance & aviation medical support"
20,Petrolimex,Vietnam National Petroleum Group,Energy & Petroleum,"10,000+ employees",Ha Noi,Vietnam,https://petrolimex.com.vn,1956,petrolimex@yopmail.com,+84 24 3851 2603,"No. 1 Kham Thien, Dong Da District, Ha Noi",0100107370,Enterprise,verified,False,"Petrolimex is Vietnam's national petroleum energy leader, operating nationwide oil distribution networks, gas stations, petrochemicals, aviation fuel, and clean energy logistics.","Stable state-owned enterprise salary structure + annual industry bonuses;Hazardous & technical field allowances where applicable;Comprehensive medical insurance & occupational safety gear;Long-term retirement benefits & structured career progression"
